SNP_ID,FBgn_ID,FBtr_ID,Mutation,Residue,Length,FBpp_ID,GlobalConfidence,Variant_score,Variant_rank,Variant_class,LocalConfidence,F_obs,Set_name,GMM3_zscoreNeutral,Allele
C17437588T,FBgn0260632,FBtr0081005,A530V,530,677,FBpp0080558,True,-0.436731587071454,0.181,neutral,True,79.48,Lethal,0.6823594270027111,FBal0002645
G11367434A,FBgn0004864,FBtr0073457,R10K,10,1177,FBpp0073313,True,-0.0100779159235502,0.053,neutral,False,63.72,Lethal,1.5472893761685853,FBal0005531
G15006827A,FBgn0261881,FBtr0080728,A156T,156,215,FBpp0080287,True,-1.02957121582887,0.267,neutral,True,80.12,Lethal,0.370385680802242,FBal0008489
A15503152C,FBgn0002524,FBtr0080738,K414Q,414,597,FBpp0080297,True,-0.65022632923649,0.276,neutral,True,89.19,Lethal,0.5051125025973559,FBal0011556
T2601629C,FBgn0011606,FBtr0070448,I609T,609,1212,FBpp0070432,True,-0.116873580269561,0.068,neutral,True,90.48,Lethal,1.3982920038555149,FBal0012149
A11737163G,FBgn0002906,FBtr0082434,T1443A,1443,1487,FBpp0081910,True,-0.369195221001542,0.143,neutral,True,84.37,Lethal,0.8535921669471556,FBal0012663
A12083940G,FBgn0003145,FBtr0080298,T406A,406,613,FBpp0079882,True,-0.0035057398854451,0.051,neutral,True,84.88,Lethal,1.4543384935052015,FBal0013973
C6364569A,FBgn0003655,FBtr0070922,H283N,283,548,FBpp0070884,False,-0.980616694444709,0.382,neutral,False,31.25,Lethal,-0.6091411196509615,FBal0016666
C26839994A,FBgn0262473,FBtr0085059,T714N,714,1097,FBpp0084431,True,-0.503901930017655,0.119,neutral,True,76.34,Lethal,1.0418703616125802,FBal0016839
G12999995Y,FBgn0265623,FBtr0087793,L120F,120,1368,FBpp0086906,True,-2.74953634827174,0.474,uncertain,True,38.88,Lethal,-1.9941253619517616,FBal0028569
G7222242A,FBgn0263133,FBtr0079413,E216K,216,745,FBpp0079041,True,-0.490901146484934,0.227,neutral,True,94.24,Lethal,0.2064682776778461,FBal0031688
C6763888G,FBgn0287725,FBtr0070961,Q1246E,1246,3313,FBpp0070922,True,-0.597072245429102,0.222,neutral,True,28.01,Lethal,0.4994587380144652,FBal0046510
C21474837T,FBgn0014143,FBtr0078395,A453V,453,508,FBpp0078049,True,-0.315516224126666,0.127,neutral,True,85.87,Lethal,1.136727835413649,FBal0049394
G19237013T,FBgn0010434,FBtr0086508,A393S,393,889,FBpp0085696,True,-0.667522044429689,0.263,neutral,True,89.04,Lethal,0.5025271550980913,FBal0089382
G8532974T,FBgn0024236,FBtr0076624,G664C,664,706,FBpp0076350,True,-1.52124913785041,0.401,neutral,True,82.87,Lethal,-0.7519367812695599,FBal0096871
A9991849C,FBgn0286784,FBtr0112906,E395A,395,759,FBpp0111819,True,-0.523681430472426,0.259,neutral,True,98.47,Lethal,-0.0640596613981411,FBal0104711
A1640417C,FBgn0013753,FBtr0072758,E141D,141,213,FBpp0072641,True,-0.531904980920018,0.163,neutral,True,51.82,Lethal,0.7593718021483904,FBal0126655
A15767827G,FBgn0001990,FBtr0080764,I115M,115,470,FBpp0080323,True,-0.0168095151259345,0.052,neutral,True,85.79,Lethal,1.4176232456388194,FBal0194092
C17024847R,FBgn0263864,FBtr0086968,D976E,976,1440,FBpp0086122,False,-1.63853521520656,0.448,neutral,False,27.2,Lethal,-1.0310056376418633,FBal0219085
G10860898A,FBgn0027363,FBtr0080143,A505T,505,689,FBpp0079732,True,-0.456794822902302,0.15,neutral,True,79.67,Lethal,0.694834518857035,FBal0219181
A5584480Y,FBgn0035617,FBtr0077085,E158D,158,1929,FBpp0076793,False,-0.0661204799190405,0.061,neutral,False,18.79,Lethal,1.4699967863273613,FBal0246383
A5585604C,FBgn0035617,FBtr0077085,H515P,515,1929,FBpp0076793,False,-0.534830000807566,0.139,neutral,False,18.79,Lethal,0.8239606258167554,FBal0246383
C5585204T,FBgn0035617,FBtr0077085,P382S,382,1929,FBpp0076793,False,0.0074704808685071,0.003,neutral,False,18.79,Lethal,1.571429378661625,FBal0246383
C5585685T,FBgn0035617,FBtr0077085,A542V,542,1929,FBpp0076793,False,-0.630000092592388,0.158,neutral,False,18.79,Lethal,0.6927848806013492,FBal0246383
C5587538T,FBgn0035617,FBtr0077085,P1160S,1160,1929,FBpp0076793,False,-0.93221552423793,0.214,neutral,False,18.79,Lethal,0.2762324352035602,FBal0246383
T5584599C,FBgn0035617,FBtr0077085,L198P,198,1929,FBpp0076793,False,-0.0523857379797368,0.059,neutral,False,18.79,Lethal,1.4889277863447092,FBal0246383
T19042863C,FBgn0002022,FBtr0081143,I288T,288,449,FBpp0080687,True,0.0441728412881618,0.005,neutral,True,80.24,Lethal,1.4218331294166244,FBal0296095
G8194946H,FBgn0035851,FBtr0076694,M532I,532,993,FBpp0076417,True,-1.36649969200554,0.317,neutral,True,48.54,Lethal,-0.3234910175537839,FBal0297308
A19255533G,FBgn0040075,FBtr0074988,I7V,7,481,FBpp0074756,True,-0.21478510985963,0.106,neutral,True,78.07,Lethal,1.04112388076693,FBal0297314
G19256919A,FBgn0040075,FBtr0074988,V469M,469,481,FBpp0074756,True,-0.0098998201119201,0.059,neutral,False,78.07,Lethal,1.2795057226461388,FBal0297314
A6367002C,FBgn0029870,FBtr0070909,Q49P,49,810,FBpp0089222,True,-0.0268921559392154,0.057,neutral,False,63.7,Lethal,1.288844571171133,FBal0299660
G11285159A,FBgn0283678,FBtr0080214,G149S,149,282,FBpp0079803,True,-1.08346079031508,0.283,neutral,True,53.14,Lethal,-0.6849678177524121,FBal0318438
